[
    {
        "first_name": "Lorne"
    },
    {
        "first_name": "Darwin"
    },
    {
        "first_name": "Giuditta"
    },
    {
        "first_name": "Aryn"
    },
    {
        "first_name": "Briant"
    },
    {
        "first_name": "Kaleb"
    },
    {
        "first_name": "Vonny"
    },
    {
        "first_name": "Rycca"
    },
    {
        "first_name": "Artair"
    },
    {
        "first_name": "Andrei"
    },
    {
        "first_name": "Bret"
    },
    {
        "first_name": "Ripley"
    },
    {
        "first_name": "Lukas"
    },
    {
        "first_name": "Kim"
    },
    {
        "first_name": "Dolorita"
    },
    {
        "first_name": "Gina"
    },
    {
        "first_name": "Veronique"
    },
    {
        "first_name": "Brien"
    },
    {
        "first_name": "Anya"
    },
    {
        "first_name": "Cherri"
    },
    {
        "first_name": "Clint"
    },
    {
        "first_name": "Adrian"
    },
    {
        "first_name": "Lily"
    },
    {
        "first_name": "Bel"
    },
    {
        "first_name": "Elbert"
    },
    {
        "first_name": "Erin"
    },
    {
        "first_name": "Eve"
    },
    {
        "first_name": "Anabella"
    },
    {
        "first_name": "Merrilee"
    },
    {
        "first_name": "Germaine"
    },
    {
        "first_name": "Florenza"
    },
    {
        "first_name": "Corenda"
    },
    {
        "first_name": "Hazlett"
    },
    {
        "first_name": "Florenza"
    },
    {
        "first_name": "Carroll"
    },
    {
        "first_name": "Rudd"
    },
    {
        "first_name": "Matelda"
    },
    {
        "first_name": "Fidelity"
    },
    {
        "first_name": "Sophia"
    },
    {
        "first_name": "Ernesto"
    },
    {
        "first_name": "Ursa"
    },
    {
        "first_name": "Kessia"
    },
    {
        "first_name": "Damita"
    },
    {
        "first_name": "Liana"
    },
    {
        "first_name": "Patrizio"
    },
    {
        "first_name": "Fernande"
    },
    {
        "first_name": "Wally"
    },
    {
        "first_name": "Jaime"
    },
    {
        "first_name": "Kath"
    },
    {
        "first_name": "Lizzie"
    }
]